instance,cohort,n,published_BKV,best,mean,std_f,mean_time_to_best_seconds,std_time_to_best_seconds,gain_over_published_BKV
bmcp_5000_5200_0.5_7000,II_large,10,2225839,2227362,2227362,0,10.150164649984799,8.50213428895069,1523
bmcp_5000_5200_0.3_10000,II_large,10,2354408,2354408,2354408,0,0.4103329299832694,0.17917662089918462,0
bmcp_5000_5000_0.5_7000,II_large,10,2151921,2151921,2151921,0,2.072409670019988,1.1778342005554765,0
bmcp_5000_5000_0.3_10000,II_large,10,2261620,2261620,2261620,0,0.32561160003533585,0.10739946092593255,0
bmcp_5000_4800_0.5_7000,II_large,10,2070143,2070324,2070324,0,8.498150210012682,4.593226320243161,181
bmcp_5000_4800_0.3_10000,II_large,10,2184508,2184508,2184508,0,0.21373640998499469,0.04895485432624625,0
bmcp_4800_5000_0.5_7000,II_large,10,2151715,2151715,2151715,0,4.735810919990763,4.144608746027127,0
bmcp_4800_5000_0.3_10000,II_large,10,2280317,2280317,2280317,0,0.257191070006229,0.10898403304600209,0
bmcp_4800_4800_0.5_7000,II_large,10,2075133,2075133,2075133,0,7.055666949995794,8.993776259226687,0
bmcp_4800_4800_0.3_10000,II_large,10,2185367,2185367,2185367,0,0.2949535300023854,0.3345132955630744,0
bmcp_4800_4600_0.5_7000,II_large,10,1992370,1992370,1992370,0,0.9736221900093369,0.5789765636580293,0
bmcp_4800_4600_0.3_10000,II_large,10,2101148,2101148,2101148,0,0.40970406000269577,0.2417828325620065,0
bmcp_4600_4800_0.5_7000,II_large,10,2071179,2074036,2074036,0,1.721897379984148,0.5806960662901172,2857
bmcp_4600_4800_0.3_10000,II_large,10,2203833,2203833,2203833,0,0.3001366300159134,0.2508985915963021,0
bmcp_4600_4600_0.5_7000,II_large,10,1984295,1984295,1984295,0,2.6724775900132953,2.3806345260548745,0
bmcp_4600_4600_0.3_10000,II_large,10,2106970,2106970,2106970,0,0.264645780029241,0.12003011955521604,0
bmcp_4600_4400_0.5_7000,II_large,10,1901834,1901868,1901868,0,19.719350440020207,44.54521887965227,34
bmcp_4600_4400_0.3_10000,II_large,10,2011730,2011730,2011730,0,0.49983317997539417,0.22885817459498237,0
bmcp_4400_4600_0.5_7000,II_large,10,1991870,1991870,1991870,0,0.6538940400001593,0.2076064242619941,0
bmcp_4400_4600_0.3_10000,II_large,10,2100925,2100925,2100925,0,0.27085219002328814,0.0880043972947355,0
bmcp_4400_4400_0.5_7000,II_large,10,1905810,1905810,1905810,0,2.2470929000061006,1.4117354112908191,0
bmcp_4400_4400_0.3_10000,II_large,10,2028288,2028288,2028288,0,0.3105401699780487,0.14695509233182197,0
bmcp_4400_4200_0.5_7000,II_large,10,1811179,1811179,1811179,0,1.958452999999281,2.4906722846962968,0
bmcp_4400_4200_0.3_10000,II_large,10,1920418,1920418,1920418,0,0.3428452600026503,0.1330372654836579,0
bmcp_4200_4400_0.3_10000,II_large,10,2023093,2023093,2023093,0,0.09695108000887558,0.012519302503098307,0
bmcp_4200_4400_0.5_7000,II_large,10,1903515,1903515,1903515,0,1.0080846900120377,0.32703998115179306,0
bmcp_4200_4200_0.5_7000,II_large,10,1816714,1816714,1816714,0,0.565292950021103,0.266052921686274,0
bmcp_4200_4200_0.3_10000,II_large,10,1925859,1925859,1925859,0,0.16716002998873591,0.05755589790955295,0
bmcp_4200_4000_0.5_7000,II_large,10,1738553,1738553,1738553,0,0.4089733900036663,0.14655514514946363,0
bmcp_4200_4000_0.3_10000,II_large,10,1835947,1835947,1835947,0,0.15696283999131994,0.06139693995758799,0
bmcp_1500_1600_0.5_2000,II_medium,10,199678,199678,199678,0,0.32451578000327574,0.3521840336195279,0
bmcp_1500_1600_0.3_3000,II_medium,10,226408,226408,226408,0,0.0240333299851045,0.008044170745311333,0
bmcp_1500_1500_0.3_3000,II_medium,10,211108,211108,211108,0,0.04032753001665697,0.017304241593906578,0
bmcp_1500_1500_0.5_2000,II_medium,10,187052,187052,187052,0,0.0954178299754858,0.013603500774601308,0
bmcp_1500_1400_0.5_2000,II_medium,10,174522,174522,174522,0,0.030880880006588996,0.016007828701337982,0
bmcp_1500_1400_0.3_3000,II_medium,10,197899,197899,197899,0,0.03571209001820534,0.01555929434219851,0
bmcp_1400_1500_0.3_3000,II_medium,10,212492,212492,212492,0,0.024270329996943472,0.007705217953205159,0
bmcp_1400_1500_0.5_2000,II_medium,10,186818,186818,186818,0,0.033324339997489,0.012470100450503825,0
bmcp_1400_1400_0.3_3000,II_medium,10,200136,200136,200136,0,0.022134539973922073,0.0003005100884241864,0
bmcp_1400_1400_0.5_2000,II_medium,10,175583,175583,175583,0,0.04842991003533825,0.02149383809597282,0
bmcp_1400_1300_0.3_3000,II_medium,10,184691,184691,184691,0,0.048125079995952544,0.05672870826728425,0
bmcp_1400_1300_0.5_2000,II_medium,10,162544,162544,162544,0,0.06468350001377984,0.045066079995886646,0
bmcp_1300_1400_0.3_3000,II_medium,10,199134,199134,199134,0,0.022121259989216924,0.0003037023549356418,0
bmcp_1300_1400_0.5_2000,II_medium,10,173954,173954,173954,0,0.05354135000379756,0.029685327490822398,0
bmcp_1300_1300_0.3_3000,II_medium,10,184699,184699,184699,0,0.021043679979629814,0.0017749140418495324,0
bmcp_1300_1300_0.5_2000,II_medium,10,162514,162514,162514,0,1.5807292699930258,1.7076924988054436,0
bmcp_1300_1200_0.3_3000,II_medium,10,170786,170786,170786,0,0.028127629996743054,0.014958412404981162,0
bmcp_1300_1200_0.5_2000,II_medium,10,151512,151512,151512,0,0.04412390000652522,0.04594989484315992,0
bmcp_1200_1300_0.3_3000,II_medium,10,186083,186083,186083,0,0.028507650014944375,0.014736801129393521,0
bmcp_1200_1300_0.5_2000,II_medium,10,162154,162154,162154,0,0.06180332003859803,0.026419480438769547,0
bmcp_1200_1200_0.5_2000,II_medium,10,151440,151440,151440,0,0.03303993000881746,0.012253947991611988,0
bmcp_1200_1200_0.3_3000,II_medium,10,172595,172595,172595,0,0.02060313002439216,0.0021644811379342016,0
bmcp_1200_1100_0.3_3000,II_medium,10,161848,161848,161848,0,0.019621280010323972,0.0019162419343196654,0
bmcp_1200_1100_0.5_2000,II_medium,10,137700,137700,137700,0,0.05116527999052778,0.028795229046279184,0
bmcp_1100_1200_0.3_3000,II_medium,10,172660,172660,172660,0,0.01931905000237748,0.0001660634531207294,0
bmcp_1100_1200_0.5_2000,II_medium,10,150493,150493,150493,0,0.021007759973872452,0.000351544281688277,0
bmcp_1100_1100_0.3_3000,II_medium,10,157530,157530,157530,0,0.0179991599987261,0.0001973170426251947,0
bmcp_1100_1100_0.5_2000,II_medium,10,139235,139235,139235,0,0.037450729997362944,0.013590698781809227,0
bmcp_1100_1000_0.3_3000,II_medium,10,143475,143475,143475,0,0.016731989989057183,0.0007205274742957515,0
bmcp_1100_1000_0.5_2000,II_medium,10,127157,127157,127157,0,0.033461319992784413,0.016925391271040455,0
bmcp_1000_1000_0.05_2000,I,10,113331,113331,113331,0,0.016267700004391372,0.00019122137940059635,0
bmcp_1000_1000_0.075_1500,I,10,120246,120246,120246,0,0.019307679985649882,0.00012116424077387432,0
bmcp_1000_985_0.05_2000,I,10,112057,112057,112057,0,0.015764079964719714,8.289122414477078e-05,0
bmcp_1000_985_0.075_1500,I,10,113615,113615,113615,0,0.019154520006850362,7.503077419391227e-05,0
bmcp_985_1000_0.05_2000,I,10,110669,110669,110669,0,0.016597309999633582,5.5356588287873503e-05,0
bmcp_985_1000_0.075_1500,I,10,115505,115505,115505,0,0.01962678999407217,0.0001368075290169954,0
bmcp_900_900_0.05_2000,I,10,102055,102055,102055,0,0.014475340000353753,8.827510975681468e-05,0
bmcp_900_900_0.075_1500,I,10,105081,105081,105081,0,0.01685319999232888,7.709507948520361e-05,0
bmcp_900_885_0.05_2000,I,10,99590,99590,99590,0,0.014126170007511974,0.0001192068460112096,0
bmcp_900_885_0.075_1500,I,10,105141,105141,105141,0,0.016818370006512852,5.727092196317359e-05,0
bmcp_885_900_0.05_2000,I,10,102277,102277,102277,0,0.01298558000707999,0.00014640631367995418,0
bmcp_885_900_0.075_1500,I,10,106940,106940,106940,0,0.015618840011302381,6.876329368791224e-05,0
bmcp_800_800_0.05_2000,I,10,91795,91795,91795,0,0.011631569999735802,0.00014055252846438657,0
bmcp_800_800_0.075_1500,I,10,95995,95995,95995,0,0.01382420000154525,6.423725355919355e-05,0
bmcp_800_785_0.05_2000,I,10,89138,89138,89138,0,0.011681110004428775,4.034593513294313e-05,0
bmcp_800_785_0.075_1500,I,10,91856,91856,91856,0,0.013768899987917393,7.835822534890491e-05,0
bmcp_785_800_0.05_2000,I,10,92740,92740,92740,0,0.020689480006694794,0.021187826242864076,0
bmcp_785_800_0.075_1500,I,10,95221,95221,95221,0,0.013878999988082796,0.00011337087105473936,0
bmcp_700_700_0.05_2000,I,10,78458,78458,78458,0,0.009152620006352663,0.00013183291008643663,0
bmcp_700_700_0.075_1500,I,10,84576,84576,84576,0,0.01069090999662876,6.577284278687218e-05,0
bmcp_700_685_0.05_2000,I,10,78054,78054,78054,0,0.00907702000113204,0.0001168677959510091,0
bmcp_700_685_0.075_1500,I,10,78869,78869,78869,0,0.010832819994539023,0.00015921851490335103,0
bmcp_685_700_0.05_2000,I,10,81227,81227,81227,0,0.008989809977356345,0.00010701660083394715,0
bmcp_685_700_0.075_1500,I,10,83286,83286,83286,0,0.013113949995022267,0.007392825839988909,0
bmcp_600_600_0.05_2000,I,10,68738,68738,68738,0,0.006720360019244254,4.406115361957733e-05,0
bmcp_600_600_0.075_1500,I,10,71904,71904,71904,0,0.007987310003954917,8.581815323202175e-05,0
bmcp_600_585_0.05_2000,I,10,67636,67636,67636,0,0.006686879985500127,4.0565035920744524e-05,0
bmcp_600_585_0.075_1500,I,10,70588,70588,70588,0,0.009492119995411486,0.0035377629468014244,0
bmcp_585_600_0.05_2000,I,10,71102,71102,71102,0,0.006787180015817284,9.046547321105436e-05,0
bmcp_585_600_0.075_1500,I,10,71025,71025,71025,0,0.007901420001871884,0.00011118900173812682,0
